time,power
1584171730000000000,60
1584171732000000000,60
1584171734000000000,62
1584171736000000000,60
1584171738000000000,60
1584171740000000000,60
1584171742000000000,61
1584171744000000000,61
1584171746000000000,60
1584171748000000000,60
1584171750000000000,60
1584171752000000000,60
1584171754000000000,59
1584171756000000000,61
1584171758000000000,60
1584171760000000000,61
1584171762000000000,60
1584171764000000000,58
1584171766000000000,61
1584171768000000000,61
1584171770000000000,60
1584171772000000000,60
1584171774000000000,60
1584171776000000000,60
1584171778000000000,60
1584171780000000000,60
1584171782000000000,60
1584171784000000000,60
1584171786000000000,60
1584171788000000000,60
1584171790000000000,60
1584171792000000000,61
1584171794000000000,59
1584171796000000000,60
1584171798000000000,59
1584171800000000000,59
1584171802000000000,60
1584171804000000000,62
1584171806000000000,60
1584171808000000000,60
1584171810000000000,61
1584171812000000000,60
1584171814000000000,60
1584171816000000000,61
1584171818000000000,59
1584171820000000000,60
1584171822000000000,60
1584171824000000000,60
1584171826000000000,60
1584171828000000000,59
1584171830000000000,61
1584171832000000000,61
1584171834000000000,59
1584171836000000000,60
1584171838000000000,59
1584171840000000000,59
1584171842000000000,61
1584171844000000000,60
1584171846000000000,59
1584171848000000000,59
1584171850000000000,60
1584171852000000000,60
1584171854000000000,60
1584171856000000000,59
1584171858000000000,60
1584171860000000000,61
1584171862000000000,59
1584171864000000000,60
1584171866000000000,59
1584171868000000000,61
1584171870000000000,59
1584171872000000000,60
1584171874000000000,60
1584171876000000000,60
1584171878000000000,61
1584171880000000000,61
1584171882000000000,59
1584171884000000000,59
1584171886000000000,61
1584171888000000000,59
1584171890000000000,59
1584171892000000000,60
1584171894000000000,60
1584171896000000000,60
1584171898000000000,61
1584171900000000000,61
1584171902000000000,61
1584171904000000000,58
1584171906000000000,61
1584171908000000000,60
1584171910000000000,60
1584171912000000000,59
1584171914000000000,167
1584171916000000000,159
1584171918000000000,160
1584171920000000000,162
1584171922000000000,160
1584171924000000000,158
1584171926000000000,160
1584171928000000000,161
1584171930000000000,163
1584171932000000000,162
1584171934000000000,162
1584171936000000000,160
1584171938000000000,161
1584171940000000000,162
1584171942000000000,161
1584171944000000000,159
1584171946000000000,159
1584171948000000000,160
1584171950000000000,162
1584171952000000000,160
1584171954000000000,161
1584171956000000000,161
1584171958000000000,162
1584171960000000000,161
1584171962000000000,160
1584171964000000000,161
1584171966000000000,161
1584171968000000000,158
1584171970000000000,160
1584171972000000000,162
1584171974000000000,161
1584171976000000000,160
1584171978000000000,161
1584171980000000000,162
1584171982000000000,161
1584171984000000000,160
1584171986000000000,162
1584171988000000000,161
1584171990000000000,162
1584171992000000000,162
1584171994000000000,161
1584171996000000000,162
1584171998000000000,161
1584172000000000000,161
1584172002000000000,163
1584172004000000000,163
1584172006000000000,163
1584172008000000000,161
1584172010000000000,162
1584172012000000000,161
1584172014000000000,159
1584172016000000000,160
1584172018000000000,161
1584172020000000000,163
1584172022000000000,159
1584172024000000000,161
1584172026000000000,161
1584172028000000000,162
1584172030000000000,161
1584172032000000000,162
1584172034000000000,161
1584172036000000000,161
1584172038000000000,161
1584172040000000000,160
1584172042000000000,161
1584172044000000000,160
1584172046000000000,161
1584172048000000000,161
1584172050000000000,163
1584172052000000000,160
1584172054000000000,162
1584172056000000000,159
1584172058000000000,159
1584172060000000000,162
1584172062000000000,162
1584172064000000000,161
1584172066000000000,162
1584172068000000000,161
1584172070000000000,163
1584172072000000000,162
1584172074000000000,161
1584172076000000000,160
1584172078000000000,161
1584172080000000000,160
1584172082000000000,161
1584172084000000000,160
1584172086000000000,162
1584172088000000000,161
1584172090000000000,162
1584172092000000000,162
1584172094000000000,162
1584172096000000000,161
1584172098000000000,162
1584172100000000000,162
1584172102000000000,160
1584172104000000000,161
1584172106000000000,161
1584172108000000000,367
1584172110000000000,374
1584172112000000000,370
1584172114000000000,368
1584172116000000000,370
1584172118000000000,370
1584172120000000000,372
1584172122000000000,373
1584172124000000000,368
1584172126000000000,372
1584172128000000000,367
1584172130000000000,370
1584172132000000000,369
1584172134000000000,371
1584172136000000000,374
1584172138000000000,366
1584172140000000000,375
1584172142000000000,367
1584172144000000000,369
1584172146000000000,367
1584172148000000000,372
1584172150000000000,366
1584172152000000000,365
1584172154000000000,372
1584172156000000000,368
1584172158000000000,373
1584172160000000000,367
1584172162000000000,372
1584172164000000000,366
1584172166000000000,369
1584172168000000000,368
1584172170000000000,367
1584172172000000000,365
1584172174000000000,365
1584172176000000000,368
1584172178000000000,371
1584172180000000000,371
1584172182000000000,368
1584172184000000000,372
1584172186000000000,370
1584172188000000000,368
1584172190000000000,371
1584172192000000000,371
1584172194000000000,369
1584172196000000000,369
1584172198000000000,363
1584172200000000000,366
1584172202000000000,371
1584172204000000000,373
1584172206000000000,369
1584172208000000000,373
1584172210000000000,374
1584172212000000000,366
1584172214000000000,373
1584172216000000000,372
1584172218000000000,367
1584172220000000000,366
1584172222000000000,371
1584172224000000000,370
1584172226000000000,371
1584172228000000000,366
1584172230000000000,364
1584172232000000000,364
1584172234000000000,366
1584172236000000000,373
1584172238000000000,364
1584172240000000000,365
1584172242000000000,366
1584172244000000000,368
1584172246000000000,372
1584172248000000000,376
1584172250000000000,373
1584172252000000000,369
1584172254000000000,370
1584172256000000000,371
1584172258000000000,368
1584172260000000000,368
1584172262000000000,370
1584172264000000000,372
1584172266000000000,373
1584172268000000000,373
1584172270000000000,370
1584172272000000000,366
1584172274000000000,366
1584172276000000000,365
1584172278000000000,373
1584172280000000000,373
1584172282000000000,373
1584172284000000000,367
1584172286000000000,374
1584172288000000000,370
1584172290000000000,371
1584172292000000000,373
1584172294000000000,371
1584172296000000000,371
1584172298000000000,387
1584172300000000000,386
1584172302000000000,386
1584172304000000000,393
1584172306000000000,393
1584172308000000000,393
1584172310000000000,393
1584172312000000000,394
1584172314000000000,394
1584172316000000000,394
1584172318000000000,394
1584172320000000000,394
1584172322000000000,394
1584172324000000000,394
1584172326000000000,393
1584172328000000000,394
1584172330000000000,394
1584172332000000000,394
1584172334000000000,393
1584172336000000000,394
1584172338000000000,394
1584172340000000000,394
1584172342000000000,394
1584172344000000000,394
1584172346000000000,394
1584172348000000000,394
1584172350000000000,394
1584172352000000000,394
1584172354000000000,394
1584172356000000000,394
1584172358000000000,395
1584172360000000000,395
1584172362000000000,395
1584172364000000000,395
1584172366000000000,395
1584172368000000000,394
1584172370000000000,394
1584172372000000000,394
1584172374000000000,394
1584172376000000000,394
1584172378000000000,394
1584172380000000000,394
1584172382000000000,394
1584172384000000000,393
1584172386000000000,393
1584172388000000000,393
1584172390000000000,394
1584172392000000000,394
1584172394000000000,394
1584172396000000000,394
1584172398000000000,394
1584172400000000000,394
1584172402000000000,394
1584172404000000000,394
1584172406000000000,394
1584172408000000000,394
1584172410000000000,394
1584172412000000000,394
1584172414000000000,394
1584172416000000000,394
1584172418000000000,394
1584172420000000000,394
1584172422000000000,394
1584172424000000000,394
1584172426000000000,394
1584172428000000000,394
1584172430000000000,394
1584172432000000000,394
1584172434000000000,394
1584172436000000000,394
1584172438000000000,394
1584172440000000000,394
1584172442000000000,394
1584172444000000000,394
1584172446000000000,394
1584172448000000000,394
1584172450000000000,394
1584172452000000000,394
1584172454000000000,394
1584172456000000000,394
1584172458000000000,394
1584172460000000000,394
1584172462000000000,394
1584172464000000000,395
1584172466000000000,395
1584172468000000000,395
1584172470000000000,394
1584172472000000000,395
1584172474000000000,395
1584172476000000000,395
1584172478000000000,395
1584172480000000000,395
1584172482000000000,395
1584172484000000000,395
1584172486000000000,395
1584172488000000000,395
1584172490000000000,395
1584172492000000000,395
1584172494000000000,401
1584172496000000000,402
1584172498000000000,402
1584172500000000000,402
1584172502000000000,402
1584172504000000000,402
1584172506000000000,402
1584172508000000000,402
1584172510000000000,402
1584172512000000000,401
1584172514000000000,401
1584172516000000000,401
1584172518000000000,402
1584172520000000000,402
1584172522000000000,402
1584172524000000000,402
1584172526000000000,402
1584172528000000000,402
1584172530000000000,402
1584172532000000000,402
1584172534000000000,402
1584172536000000000,402
1584172538000000000,402
1584172540000000000,402
1584172542000000000,402
1584172544000000000,401
1584172546000000000,401
1584172548000000000,401
1584172550000000000,401
1584172552000000000,401
1584172554000000000,401
1584172556000000000,401
1584172558000000000,401
1584172560000000000,401
1584172562000000000,401
1584172564000000000,401
1584172566000000000,401
1584172568000000000,402
1584172570000000000,402
1584172572000000000,402
1584172574000000000,401
1584172576000000000,401
1584172578000000000,401
1584172580000000000,401
1584172582000000000,401
1584172584000000000,401
1584172586000000000,401
1584172588000000000,401
1584172590000000000,401
1584172592000000000,401
1584172594000000000,401
1584172596000000000,401
1584172598000000000,401
1584172600000000000,401
1584172602000000000,401
1584172604000000000,401
1584172606000000000,401
1584172608000000000,401
1584172610000000000,401
1584172612000000000,401
1584172614000000000,401
1584172616000000000,401
1584172618000000000,401
1584172620000000000,401
1584172622000000000,401
1584172624000000000,401
1584172626000000000,401
1584172628000000000,401
1584172630000000000,401
1584172632000000000,401
1584172634000000000,401
1584172636000000000,401
1584172638000000000,401
1584172640000000000,401
1584172642000000000,401
1584172644000000000,401
1584172646000000000,401
1584172648000000000,401
1584172650000000000,401
1584172652000000000,401
1584172654000000000,401
1584172656000000000,401
1584172658000000000,401
1584172660000000000,401
1584172662000000000,400
1584172664000000000,401
1584172666000000000,401
1584172668000000000,401
1584172670000000000,401
1584172672000000000,401
1584172674000000000,401
1584172676000000000,401
1584172678000000000,401
1584172680000000000,401
1584172682000000000,401
1584172684000000000,401
1584172686000000000,394
1584172688000000000,394
1584172690000000000,394
1584172692000000000,394
1584172694000000000,394
1584172696000000000,395
1584172698000000000,395
1584172700000000000,395
1584172702000000000,395
1584172704000000000,395
1584172706000000000,395
1584172708000000000,395
1584172710000000000,395
1584172712000000000,395
1584172714000000000,395
1584172716000000000,395
1584172718000000000,395
1584172720000000000,395
1584172722000000000,395
1584172724000000000,395
1584172726000000000,395
1584172728000000000,395
1584172730000000000,395
1584172732000000000,395
1584172734000000000,395
1584172736000000000,396
1584172738000000000,396
1584172740000000000,396
1584172742000000000,396
1584172744000000000,396
1584172746000000000,396
1584172748000000000,396
1584172750000000000,396
1584172752000000000,396
1584172754000000000,396
1584172756000000000,396
1584172758000000000,395
1584172760000000000,396
1584172762000000000,396
1584172764000000000,396
1584172766000000000,396
1584172768000000000,396
1584172770000000000,396
1584172772000000000,396
1584172774000000000,396
1584172776000000000,396
1584172778000000000,396
1584172780000000000,396
1584172782000000000,396
1584172784000000000,396
1584172786000000000,396
1584172788000000000,396
1584172790000000000,395
1584172792000000000,395
1584172794000000000,395
1584172796000000000,395
1584172798000000000,396
1584172800000000000,397
1584172802000000000,397
1584172804000000000,397
1584172806000000000,396
1584172808000000000,396
1584172810000000000,396
1584172812000000000,396
1584172814000000000,396
1584172816000000000,397
1584172818000000000,397
1584172820000000000,397
1584172822000000000,397
1584172824000000000,397
1584172826000000000,397
1584172828000000000,397
1584172830000000000,397
1584172832000000000,396
1584172834000000000,396
1584172836000000000,396
1584172838000000000,397
1584172840000000000,397
1584172842000000000,397
1584172844000000000,397
1584172846000000000,397
1584172848000000000,397
1584172850000000000,397
1584172852000000000,397
1584172854000000000,397
1584172856000000000,397
1584172858000000000,397
1584172860000000000,397
1584172862000000000,397
1584172864000000000,397
1584172866000000000,397
1584172868000000000,397
1584172870000000000,397
1584172872000000000,397
1584172874000000000,397
1584172876000000000,397
1584172878000000000,188
1584172880000000000,184
1584172882000000000,187
1584172884000000000,187
1584172886000000000,190
1584172888000000000,186
1584172890000000000,189
1584172892000000000,185
1584172894000000000,185
1584172896000000000,186
1584172898000000000,187
1584172900000000000,184
1584172902000000000,190
1584172904000000000,185
1584172906000000000,187
1584172908000000000,187
1584172910000000000,189
1584172912000000000,185
1584172914000000000,185
1584172916000000000,189
1584172918000000000,185
1584172920000000000,187
1584172922000000000,185
1584172924000000000,184
1584172926000000000,186
1584172928000000000,189
1584172930000000000,188
1584172932000000000,188
1584172934000000000,187
1584172936000000000,189
1584172938000000000,189
1584172940000000000,190
1584172942000000000,185
1584172944000000000,190
1584172946000000000,184
1584172948000000000,184
1584172950000000000,185
1584172952000000000,187
1584172954000000000,188
1584172956000000000,189
1584172958000000000,189
1584172960000000000,186
1584172962000000000,185
1584172964000000000,186
1584172966000000000,185
1584172968000000000,186
1584172970000000000,187
1584172972000000000,188
1584172974000000000,188
1584172976000000000,188
1584172978000000000,188
1584172980000000000,186
1584172982000000000,189
1584172984000000000,185
1584172986000000000,185
1584172988000000000,183
1584172990000000000,185
1584172992000000000,185
1584172994000000000,187
1584172996000000000,187
1584172998000000000,184
1584173000000000000,186
1584173002000000000,187
1584173004000000000,188
1584173006000000000,189
1584173008000000000,190
1584173010000000000,189
1584173012000000000,188
1584173014000000000,190
1584173016000000000,188
1584173018000000000,191
1584173020000000000,186
1584173022000000000,187
1584173024000000000,186
1584173026000000000,188
1584173028000000000,187
1584173030000000000,187
1584173032000000000,185
1584173034000000000,185
1584173036000000000,189
1584173038000000000,190
1584173040000000000,185
1584173042000000000,187
1584173044000000000,184
1584173046000000000,189
1584173048000000000,189
1584173050000000000,185
1584173052000000000,187
1584173054000000000,186
1584173056000000000,186
1584173058000000000,126
1584173060000000000,126
1584173062000000000,126
1584173064000000000,127
1584173066000000000,129
1584173068000000000,129
1584173070000000000,129
1584173072000000000,127
1584173074000000000,130
1584173076000000000,126
1584173078000000000,128
1584173080000000000,128
1584173082000000000,126
1584173084000000000,129
1584173086000000000,128
1584173088000000000,127
1584173090000000000,128
1584173092000000000,127
1584173094000000000,127
1584173096000000000,128
1584173098000000000,127
1584173100000000000,126
1584173102000000000,127
1584173104000000000,127
1584173106000000000,126
1584173108000000000,129
1584173110000000000,126
1584173112000000000,129
1584173114000000000,129
1584173116000000000,126
1584173118000000000,129
1584173120000000000,128
1584173122000000000,128
1584173124000000000,130
1584173126000000000,127
1584173128000000000,127
1584173130000000000,126
1584173132000000000,127
1584173134000000000,129
1584173136000000000,131
1584173138000000000,129
1584173140000000000,129
1584173142000000000,126
1584173144000000000,128
1584173146000000000,129
1584173148000000000,126
1584173150000000000,128
1584173152000000000,129
1584173154000000000,128
1584173156000000000,128
1584173158000000000,129
1584173160000000000,127
1584173162000000000,130
1584173164000000000,129
1584173166000000000,128
1584173168000000000,127
1584173170000000000,129
1584173172000000000,128
1584173174000000000,129
1584173176000000000,130
1584173178000000000,127
1584173180000000000,130
1584173182000000000,128
1584173184000000000,130
1584173186000000000,130
1584173188000000000,128
1584173190000000000,129
1584173192000000000,127
1584173194000000000,126
1584173196000000000,128
1584173198000000000,129
1584173200000000000,129
1584173202000000000,130
1584173204000000000,128
1584173206000000000,128
1584173208000000000,127
1584173210000000000,130
1584173212000000000,127
1584173214000000000,126
1584173216000000000,126
1584173218000000000,129
1584173220000000000,129
1584173222000000000,129
1584173224000000000,130
1584173226000000000,126
1584173228000000000,128
1584173230000000000,127
1584173232000000000,129
1584173234000000000,128
1584173236000000000,128
1584173238000000000,130
1584173240000000000,127
1584173242000000000,128
1584173244000000000,128
1584173246000000000,102
1584173248000000000,100
1584173250000000000,102
1584173252000000000,103
1584173254000000000,102
1584173256000000000,103
1584173258000000000,103
1584173260000000000,103
1584173262000000000,102
1584173264000000000,103
1584173266000000000,103
1584173268000000000,102
1584173270000000000,102
1584173272000000000,101
1584173274000000000,103
1584173276000000000,102
1584173278000000000,103
1584173280000000000,104
1584173282000000000,104
1584173284000000000,103
1584173286000000000,101
1584173288000000000,103
1584173290000000000,102
1584173292000000000,102
1584173294000000000,103
1584173296000000000,101
1584173298000000000,103
1584173300000000000,101
1584173302000000000,104
1584173304000000000,104
1584173306000000000,103
1584173308000000000,104
1584173310000000000,103
1584173312000000000,104
1584173314000000000,104
1584173316000000000,104
1584173318000000000,103
1584173320000000000,104
1584173322000000000,102
1584173324000000000,101
1584173326000000000,103
1584173328000000000,102
1584173330000000000,103
1584173332000000000,100
1584173334000000000,103
1584173336000000000,102
1584173338000000000,101
1584173340000000000,101
1584173342000000000,101
1584173344000000000,102
1584173346000000000,102
1584173348000000000,103
1584173350000000000,103
1584173352000000000,103
1584173354000000000,102
1584173356000000000,104
1584173358000000000,103
1584173360000000000,102
1584173362000000000,102
1584173364000000000,103
1584173366000000000,103
1584173368000000000,102
1584173370000000000,103
1584173372000000000,104
1584173374000000000,102
1584173376000000000,102
1584173378000000000,103
1584173380000000000,103
1584173382000000000,102
1584173384000000000,102
1584173386000000000,102
1584173388000000000,103
1584173390000000000,102
1584173392000000000,102
1584173394000000000,103
1584173396000000000,103
1584173398000000000,102
1584173400000000000,100
1584173402000000000,103
1584173404000000000,101
1584173406000000000,101
1584173408000000000,101
1584173410000000000,101
1584173412000000000,104
1584173414000000000,103
1584173416000000000,104
1584173418000000000,103
1584173420000000000,100
1584173422000000000,104
1584173424000000000,102
1584173426000000000,103
1584173428000000000,102
1584173430000000000,110
1584173432000000000,110
1584173434000000000,108
1584173436000000000,112
1584173438000000000,110
1584173440000000000,109
1584173442000000000,110
1584173444000000000,110
1584173446000000000,108
1584173448000000000,108
1584173450000000000,108
1584173452000000000,109
1584173454000000000,110
1584173456000000000,109
1584173458000000000,109
1584173460000000000,111
1584173462000000000,109
1584173464000000000,108
1584173466000000000,110
1584173468000000000,109
1584173470000000000,108
1584173472000000000,109
1584173474000000000,110
1584173476000000000,110
1584173478000000000,111
1584173480000000000,109
1584173482000000000,109
1584173484000000000,108
1584173486000000000,110
1584173488000000000,111
1584173490000000000,109
1584173492000000000,110
1584173494000000000,111
1584173496000000000,109
1584173498000000000,109
1584173500000000000,109
1584173502000000000,110
1584173504000000000,109
1584173506000000000,110
1584173508000000000,110
1584173510000000000,110
1584173512000000000,110
1584173514000000000,109
1584173516000000000,108
1584173518000000000,110
1584173520000000000,109
1584173522000000000,110
1584173524000000000,109
1584173526000000000,109
1584173528000000000,110
1584173530000000000,110
1584173532000000000,108
1584173534000000000,109
1584173536000000000,109
1584173538000000000,109
1584173540000000000,111
1584173542000000000,108
1584173544000000000,110
1584173546000000000,109
1584173548000000000,110
1584173550000000000,111
1584173552000000000,108
1584173554000000000,111
1584173556000000000,107
1584173558000000000,109
1584173560000000000,109
1584173562000000000,108
1584173564000000000,109
1584173566000000000,109
1584173568000000000,111
1584173570000000000,108
1584173572000000000,111
1584173574000000000,109
1584173576000000000,108
1584173578000000000,109
1584173580000000000,110
1584173582000000000,111
1584173584000000000,108
1584173586000000000,108
1584173588000000000,109
1584173590000000000,109
1584173592000000000,108
1584173594000000000,109
1584173596000000000,109
1584173598000000000,108
1584173600000000000,108
1584173602000000000,109
1584173604000000000,109
1584173606000000000,110
1584173608000000000,109
1584173610000000000,109
1584173612000000000,110
1584173614000000000,111
1584173616000000000,107
1584173618000000000,110
1584173620000000000,317
1584173622000000000,319
1584173624000000000,319
1584173626000000000,321
1584173628000000000,320
1584173630000000000,318
1584173632000000000,317
1584173634000000000,320
1584173636000000000,320
1584173638000000000,316
1584173640000000000,318
1584173642000000000,321
1584173644000000000,319
1584173646000000000,319
1584173648000000000,320
1584173650000000000,322
1584173652000000000,321
1584173654000000000,319
1584173656000000000,319
1584173658000000000,318
1584173660000000000,319
1584173662000000000,319
1584173664000000000,318
1584173666000000000,320
1584173668000000000,320
1584173670000000000,320
1584173672000000000,321
1584173674000000000,319
1584173676000000000,318
1584173678000000000,318
1584173680000000000,322
1584173682000000000,322
1584173684000000000,318
1584173686000000000,317
1584173688000000000,317
1584173690000000000,321
1584173692000000000,321
1584173694000000000,321
1584173696000000000,320
1584173698000000000,320
1584173700000000000,318
1584173702000000000,318
1584173704000000000,318
1584173706000000000,319
1584173708000000000,319
1584173710000000000,319
1584173712000000000,319
1584173714000000000,319
1584173716000000000,323
1584173718000000000,318
1584173720000000000,318
1584173722000000000,318
1584173724000000000,320
1584173726000000000,318
1584173728000000000,316
1584173730000000000,319
1584173732000000000,317
1584173734000000000,320
1584173736000000000,320
1584173738000000000,316
1584173740000000000,320
1584173742000000000,317
1584173744000000000,320
1584173746000000000,318
1584173748000000000,318
1584173750000000000,320
1584173752000000000,318
1584173754000000000,321
1584173756000000000,318
1584173758000000000,320
1584173760000000000,321
1584173762000000000,317
1584173764000000000,319
1584173766000000000,319
1584173768000000000,319
1584173770000000000,320
1584173772000000000,322
1584173774000000000,321
1584173776000000000,317
1584173778000000000,319
1584173780000000000,318
1584173782000000000,321
1584173784000000000,321
1584173786000000000,321
1584173788000000000,319
1584173790000000000,319
1584173792000000000,319
1584173794000000000,320
1584173796000000000,320
1584173798000000000,319
1584173800000000000,320
1584173802000000000,321
1584173804000000000,317
1584173806000000000,320
1584173808000000000,319
1584173810000000000,317
1584173812000000000,318
1584173814000000000,376
1584173816000000000,383
1584173818000000000,374
1584173820000000000,378
1584173822000000000,382
1584173824000000000,372
1584173826000000000,376
1584173828000000000,383
1584173830000000000,382
1584173832000000000,372
1584173834000000000,385
1584173836000000000,380
1584173838000000000,374
1584173840000000000,383
1584173842000000000,373
1584173844000000000,378
1584173846000000000,381
1584173848000000000,376
1584173850000000000,375
1584173852000000000,381
1584173854000000000,377
1584173856000000000,382
1584173858000000000,380
1584173860000000000,385
1584173862000000000,375
1584173864000000000,382
1584173866000000000,375
1584173868000000000,382
1584173870000000000,375
1584173872000000000,381
1584173874000000000,378
1584173876000000000,379
1584173878000000000,374
1584173880000000000,383
1584173882000000000,374
1584173884000000000,381
1584173886000000000,380
1584173888000000000,378
1584173890000000000,376
1584173892000000000,378
1584173894000000000,378
1584173896000000000,383
1584173898000000000,376
1584173900000000000,382
1584173902000000000,383
1584173904000000000,374
1584173906000000000,383
1584173908000000000,378
1584173910000000000,378
1584173912000000000,382
1584173914000000000,380
1584173916000000000,378
1584173918000000000,384
1584173920000000000,378
1584173922000000000,381
1584173924000000000,380
1584173926000000000,384
1584173928000000000,377
1584173930000000000,374
1584173932000000000,383
1584173934000000000,379
1584173936000000000,378
1584173938000000000,374
1584173940000000000,376
1584173942000000000,386
1584173944000000000,378
1584173946000000000,382
1584173948000000000,382
1584173950000000000,385
1584173952000000000,374
1584173954000000000,381
1584173956000000000,381
1584173958000000000,383
1584173960000000000,374
1584173962000000000,375
1584173964000000000,379
1584173966000000000,374
1584173968000000000,380
1584173970000000000,374
1584173972000000000,377
1584173974000000000,377
1584173976000000000,379
1584173978000000000,375
1584173980000000000,384
1584173982000000000,383
1584173984000000000,376
1584173986000000000,383
1584173988000000000,379
1584173990000000000,375
1584173992000000000,378
1584173994000000000,376
1584173996000000000,380
1584173998000000000,381
1584174000000000000,170
1584174002000000000,169
1584174004000000000,168
1584174006000000000,170
1584174008000000000,167
1584174010000000000,167
1584174012000000000,168
1584174014000000000,168
1584174016000000000,169
1584174018000000000,168
1584174020000000000,168
1584174022000000000,168
1584174024000000000,168
1584174026000000000,169
1584174028000000000,169
1584174030000000000,168
1584174032000000000,170
1584174034000000000,168
1584174036000000000,169
1584174038000000000,168
1584174040000000000,171
1584174042000000000,171
1584174044000000000,171
1584174046000000000,169
1584174048000000000,170
1584174050000000000,168
1584174052000000000,170
1584174054000000000,169
1584174056000000000,169
1584174058000000000,169
1584174060000000000,168
1584174062000000000,168
1584174064000000000,170
1584174066000000000,168
1584174068000000000,168
1584174070000000000,169
1584174072000000000,169
1584174074000000000,168
1584174076000000000,169
1584174078000000000,167
1584174080000000000,167
1584174082000000000,168
1584174084000000000,169
1584174086000000000,169
1584174088000000000,169
1584174090000000000,169
1584174092000000000,170
1584174094000000000,169
1584174096000000000,169
1584174098000000000,168
1584174100000000000,168
1584174102000000000,170
1584174104000000000,167
1584174106000000000,169
1584174108000000000,168
1584174110000000000,168
1584174112000000000,169
1584174114000000000,170
1584174116000000000,170
1584174118000000000,168
1584174120000000000,170
1584174122000000000,167
1584174124000000000,169
1584174126000000000,168
1584174128000000000,169
1584174130000000000,169
1584174132000000000,168
1584174134000000000,168
1584174136000000000,167
1584174138000000000,168
1584174140000000000,169
1584174142000000000,168
1584174144000000000,169
1584174146000000000,168
1584174148000000000,168
1584174150000000000,168
1584174152000000000,170
1584174154000000000,167
1584174156000000000,168
1584174158000000000,169
1584174160000000000,168
1584174162000000000,167
1584174164000000000,169
1584174166000000000,167
1584174168000000000,166
1584174170000000000,168
1584174172000000000,169
1584174174000000000,168
1584174176000000000,167
1584174178000000000,170
1584174180000000000,169
1584174182000000000,169
1584174184000000000,168
1584174186000000000,168
1584174188000000000,170
1584174190000000000,169
1584174192000000000,167
1584174194000000000,169
1584174196000000000,168
1584174198000000000,108
1584174200000000000,109
1584174202000000000,110
1584174204000000000,109
1584174206000000000,109
1584174208000000000,110
1584174210000000000,108
1584174212000000000,109
1584174214000000000,108
1584174216000000000,109
1584174218000000000,109
1584174220000000000,109
1584174222000000000,109
1584174224000000000,109
1584174226000000000,108
1584174228000000000,108
1584174230000000000,108
1584174232000000000,110
1584174234000000000,109
1584174236000000000,108
1584174238000000000,109
1584174240000000000,109
1584174242000000000,108
1584174244000000000,110
1584174246000000000,110
1584174248000000000,110
1584174250000000000,109
1584174252000000000,107
1584174254000000000,108
1584174256000000000,108
1584174258000000000,109
1584174260000000000,108
1584174262000000000,108
1584174264000000000,107
1584174266000000000,110
1584174268000000000,108
1584174270000000000,109
1584174272000000000,107
1584174274000000000,109
1584174276000000000,109
1584174278000000000,108
1584174280000000000,110
1584174282000000000,108
1584174284000000000,110
1584174286000000000,109
1584174288000000000,108
1584174290000000000,108
1584174292000000000,109
1584174294000000000,110
1584174296000000000,110
1584174298000000000,108
1584174300000000000,109
1584174302000000000,109
1584174304000000000,109
1584174306000000000,107
1584174308000000000,109
1584174310000000000,108
1584174312000000000,108
1584174314000000000,110
1584174316000000000,108
1584174318000000000,108
1584174320000000000,109
1584174322000000000,109
1584174324000000000,110
1584174326000000000,108
1584174328000000000,109
1584174330000000000,108
1584174332000000000,110
1584174334000000000,108
1584174336000000000,110
1584174338000000000,109
1584174340000000000,108
1584174342000000000,107
1584174344000000000,107
1584174346000000000,110
1584174348000000000,108
1584174350000000000,109
1584174352000000000,109
1584174354000000000,109
1584174356000000000,109
1584174358000000000,110
1584174360000000000,110
1584174362000000000,109
1584174364000000000,109
1584174366000000000,109
1584174368000000000,109
1584174370000000000,109
1584174372000000000,109
1584174374000000000,110
1584174376000000000,109
1584174378000000000,109
1584174380000000000,109
1584174382000000000,108
1584174384000000000,109
1584174386000000000,108
1584174388000000000,109
1584174390000000000,110
1584174392000000000,110
1584174394000000000,110
1584174396000000000,110
1584174398000000000,108
1584174400000000000,109
1584174402000000000,110
1584174404000000000,110
1584174406000000000,108
1584174408000000000,108
1584174410000000000,108
1584174412000000000,108
1584174414000000000,109
1584174416000000000,110
1584174418000000000,109
1584174420000000000,109
1584174422000000000,110
1584174424000000000,111
1584174426000000000,108
1584174428000000000,108
1584174430000000000,108
1584174432000000000,109
1584174434000000000,109
1584174436000000000,110
1584174438000000000,108
1584174440000000000,110
1584174442000000000,110
1584174444000000000,110
1584174446000000000,109
1584174448000000000,110
1584174450000000000,110
1584174452000000000,110
1584174454000000000,109
1584174456000000000,109
1584174458000000000,110
1584174460000000000,110
1584174462000000000,110
1584174464000000000,109
1584174466000000000,110
1584174468000000000,107
1584174470000000000,110
1584174472000000000,136
1584174474000000000,134
1584174476000000000,138
1584174478000000000,133
1584174480000000000,135
1584174482000000000,131
1584174484000000000,135
1584174486000000000,136
1584174488000000000,136
1584174490000000000,135
1584174492000000000,135
1584174494000000000,136
1584174496000000000,133
1584174498000000000,135
1584174500000000000,135
1584174502000000000,135
1584174504000000000,135
1584174506000000000,133
1584174508000000000,134
1584174510000000000,135
1584174512000000000,134
1584174514000000000,134
1584174516000000000,135
1584174518000000000,135
1584174520000000000,135
1584174522000000000,137
1584174524000000000,135
1584174526000000000,135
1584174528000000000,134
1584174530000000000,136
1584174532000000000,134
1584174534000000000,133
1584174536000000000,131
1584174538000000000,133
1584174540000000000,135
1584174542000000000,134
1584174544000000000,134
1584174546000000000,133
1584174548000000000,133
1584174550000000000,136
1584174552000000000,134
1584174554000000000,137
1584174556000000000,132
1584174558000000000,135
1584174560000000000,136
1584174562000000000,133
1584174564000000000,133
1584174566000000000,130
1584174568000000000,135
1584174570000000000,133
1584174572000000000,137
1584174574000000000,135
1584174576000000000,136
1584174578000000000,135
1584174580000000000,134
1584174582000000000,135
1584174584000000000,134
1584174586000000000,133
1584174588000000000,135
1584174590000000000,136
1584174592000000000,136
1584174594000000000,136
1584174596000000000,133
1584174598000000000,136
1584174600000000000,134
1584174602000000000,133
1584174604000000000,135
1584174606000000000,136
1584174608000000000,135
1584174610000000000,135
1584174612000000000,135
1584174614000000000,133
1584174616000000000,136
1584174618000000000,134
1584174620000000000,135
1584174622000000000,135
1584174624000000000,133
1584174626000000000,134
1584174628000000000,135
1584174630000000000,133
1584174632000000000,135
1584174634000000000,136
1584174636000000000,133
1584174638000000000,135
1584174640000000000,134
1584174642000000000,132
1584174644000000000,136
1584174646000000000,134
1584174648000000000,134
1584174650000000000,133
1584174652000000000,135
1584174654000000000,134
1584174656000000000,131
1584174658000000000,134
1584174660000000000,134
1584174662000000000,136
1584174664000000000,135
1584174666000000000,135
1584174668000000000,134
1584174670000000000,137
1584174672000000000,136
1584174674000000000,134
1584174676000000000,136
1584174678000000000,134
1584174680000000000,134
1584174682000000000,135
1584174684000000000,343
1584174686000000000,341
1584174688000000000,342
1584174690000000000,347
1584174692000000000,344
1584174694000000000,343
1584174696000000000,347
1584174698000000000,345
1584174700000000000,344
1584174702000000000,344
1584174704000000000,347
1584174706000000000,346
1584174708000000000,345
1584174710000000000,343
1584174712000000000,345
1584174714000000000,346
1584174716000000000,343
1584174718000000000,346
1584174720000000000,344
1584174722000000000,344
1584174724000000000,343
1584174726000000000,346
1584174728000000000,347
1584174730000000000,345
1584174732000000000,342
1584174734000000000,344
1584174736000000000,345
1584174738000000000,341
1584174740000000000,343
1584174742000000000,343
1584174744000000000,342
1584174746000000000,341
1584174748000000000,344
1584174750000000000,344
1584174752000000000,345
1584174754000000000,345
1584174756000000000,344
1584174758000000000,344
1584174760000000000,345
1584174762000000000,345
1584174764000000000,344
1584174766000000000,345
1584174768000000000,343
1584174770000000000,345
1584174772000000000,345
1584174774000000000,344
1584174776000000000,343
1584174778000000000,343
1584174780000000000,347
1584174782000000000,345
1584174784000000000,346
1584174786000000000,345
1584174788000000000,343
1584174790000000000,343
1584174792000000000,347
1584174794000000000,345
1584174796000000000,344
1584174798000000000,343
1584174800000000000,343
1584174802000000000,342
1584174804000000000,344
1584174806000000000,344
1584174808000000000,345
1584174810000000000,344
1584174812000000000,343
1584174814000000000,343
1584174816000000000,341
1584174818000000000,343
1584174820000000000,344
1584174822000000000,345
1584174824000000000,342
1584174826000000000,343
1584174828000000000,348
1584174830000000000,343
1584174832000000000,348
1584174834000000000,343
1584174836000000000,347
1584174838000000000,344
1584174840000000000,345
1584174842000000000,347
1584174844000000000,341
1584174846000000000,344
1584174848000000000,345
1584174850000000000,344
1584174852000000000,345
1584174854000000000,341
1584174856000000000,345
1584174858000000000,344
1584174860000000000,346
1584174862000000000,345
1584174864000000000,344
1584174866000000000,341
1584174868000000000,344
1584174870000000000,344
1584174872000000000,136
1584174874000000000,134
1584174876000000000,136
1584174878000000000,135
1584174880000000000,138
1584174882000000000,134
1584174884000000000,135
1584174886000000000,135
1584174888000000000,137
1584174890000000000,133
1584174892000000000,134
1584174894000000000,133
1584174896000000000,133
1584174898000000000,136
1584174900000000000,136
1584174902000000000,132
1584174904000000000,133
1584174906000000000,134
1584174908000000000,134
1584174910000000000,132
1584174912000000000,134
1584174914000000000,134
1584174916000000000,133
1584174918000000000,137
1584174920000000000,135
1584174922000000000,137
1584174924000000000,136
1584174926000000000,136
1584174928000000000,135
1584174930000000000,136
1584174932000000000,136
1584174934000000000,136
1584174936000000000,136
1584174938000000000,135
1584174940000000000,135
1584174942000000000,136
1584174944000000000,136
1584174946000000000,134
1584174948000000000,135
1584174950000000000,133
1584174952000000000,134
1584174954000000000,136
1584174956000000000,133
1584174958000000000,135
1584174960000000000,137
1584174962000000000,132
1584174964000000000,133
1584174966000000000,132
1584174968000000000,131
1584174970000000000,135
1584174972000000000,133
1584174974000000000,134
1584174976000000000,135
1584174978000000000,133
1584174980000000000,137
1584174982000000000,137
1584174984000000000,135
1584174986000000000,136
1584174988000000000,134
1584174990000000000,134
1584174992000000000,134
1584174994000000000,135
1584174996000000000,136
1584174998000000000,132
1584175000000000000,135
1584175002000000000,134
1584175004000000000,136
1584175006000000000,134
1584175008000000000,137
1584175010000000000,134
1584175012000000000,133
1584175014000000000,131
1584175016000000000,134
1584175018000000000,138
1584175020000000000,137
1584175022000000000,136
1584175024000000000,135
1584175026000000000,135
1584175028000000000,131
1584175030000000000,133
1584175032000000000,134
1584175034000000000,136
1584175036000000000,132
1584175038000000000,134
1584175040000000000,134
1584175042000000000,134
1584175044000000000,135
1584175046000000000,134
1584175048000000000,136
1584175050000000000,135
1584175052000000000,134
1584175054000000000,135
1584175056000000000,134
1584175058000000000,132
1584175060000000000,190
1584175062000000000,192
1584175064000000000,192
1584175066000000000,196
1584175068000000000,196
1584175070000000000,196
1584175072000000000,192
1584175074000000000,192
1584175076000000000,194
1584175078000000000,191
1584175080000000000,191
1584175082000000000,191
1584175084000000000,196
1584175086000000000,196
1584175088000000000,193
1584175090000000000,196
1584175092000000000,193
1584175094000000000,194
1584175096000000000,193
1584175098000000000,191
1584175100000000000,196
1584175102000000000,195
1584175104000000000,197
1584175106000000000,192
1584175108000000000,193
1584175110000000000,195
1584175112000000000,192
1584175114000000000,194
1584175116000000000,194
1584175118000000000,194
1584175120000000000,194
1584175122000000000,197
1584175124000000000,191
1584175126000000000,197
1584175128000000000,192
1584175130000000000,191
1584175132000000000,190
1584175134000000000,197
1584175136000000000,197
1584175138000000000,195
1584175140000000000,193
1584175142000000000,196
1584175144000000000,195
1584175146000000000,195
1584175148000000000,196
1584175150000000000,195
1584175152000000000,195
1584175154000000000,195
1584175156000000000,190
1584175158000000000,195
1584175160000000000,191
1584175162000000000,191
1584175164000000000,193
1584175166000000000,193
1584175168000000000,194
1584175170000000000,193
1584175172000000000,194
1584175174000000000,197
1584175176000000000,193
1584175178000000000,192
1584175180000000000,195
1584175182000000000,195
1584175184000000000,193
1584175186000000000,193
1584175188000000000,190
1584175190000000000,195
1584175192000000000,193
1584175194000000000,194
1584175196000000000,195
1584175198000000000,194
1584175200000000000,194
1584175202000000000,192
1584175204000000000,193
1584175206000000000,190
1584175208000000000,196
1584175210000000000,192
1584175212000000000,195
1584175214000000000,192
1584175216000000000,196
1584175218000000000,197
1584175220000000000,195
1584175222000000000,190
1584175224000000000,195
1584175226000000000,192
1584175228000000000,191
1584175230000000000,194
1584175232000000000,192
1584175234000000000,192
1584175236000000000,190
1584175238000000000,192
1584175240000000000,196
1584175242000000000,196
1584175244000000000,168
1584175246000000000,169
1584175248000000000,166
1584175250000000000,166
1584175252000000000,168
1584175254000000000,167
1584175256000000000,167
1584175258000000000,169
1584175260000000000,169
1584175262000000000,168
1584175264000000000,167
1584175266000000000,169
1584175268000000000,170
1584175270000000000,166
1584175272000000000,167
1584175274000000000,168
1584175276000000000,169
1584175278000000000,169
1584175280000000000,168
1584175282000000000,169
1584175284000000000,168
1584175286000000000,168
1584175288000000000,169
1584175290000000000,168
1584175292000000000,167
1584175294000000000,168
1584175296000000000,168
1584175298000000000,167
1584175300000000000,169
1584175302000000000,168
1584175304000000000,169
1584175306000000000,167
1584175308000000000,166
1584175310000000000,168
1584175312000000000,168
1584175314000000000,167
1584175316000000000,170
1584175318000000000,169
1584175320000000000,168
1584175322000000000,166
1584175324000000000,168
1584175326000000000,169
1584175328000000000,168
1584175330000000000,169
1584175332000000000,169
1584175334000000000,169
1584175336000000000,168
1584175338000000000,169
1584175340000000000,167
1584175342000000000,167
1584175344000000000,170
1584175346000000000,168
1584175348000000000,168
1584175350000000000,167
1584175352000000000,168
1584175354000000000,169
1584175356000000000,169
1584175358000000000,169
1584175360000000000,169
1584175362000000000,169
1584175364000000000,168
1584175366000000000,170
1584175368000000000,169
1584175370000000000,169
1584175372000000000,168
1584175374000000000,168
1584175376000000000,169
1584175378000000000,168
1584175380000000000,169
1584175382000000000,170
1584175384000000000,170
1584175386000000000,168
1584175388000000000,169
1584175390000000000,168
1584175392000000000,169
1584175394000000000,169
1584175396000000000,168
1584175398000000000,168
1584175400000000000,170
1584175402000000000,171
1584175404000000000,168
1584175406000000000,170
1584175408000000000,169
1584175410000000000,170
1584175412000000000,170
1584175414000000000,167
1584175416000000000,170
1584175418000000000,169
1584175420000000000,168
1584175422000000000,168
1584175424000000000,169
1584175426000000000,169
